Año,Trimestre,Provincia,Mbps (Media de bajada)
2024,2,Buenos Aires,157.41
2024,2,Capital Federal,233.01
2024,2,Catamarca,97.38
2024,2,Chaco,107.76
2024,2,Chubut,21.67
2024,2,Córdoba,117.39
2024,2,Corrientes,104.26
2024,2,Entre Ríos,100.98
2024,2,Formosa,82.66
2024,2,Jujuy,49.87
2024,2,La Pampa,28.73
2024,2,La Rioja,64.24
2024,2,Mendoza,55.32
2024,2,Misiones,96.15
2024,2,Neuquén,97.04
2024,2,Río Negro,75.05
2024,2,Salta,87.03
2024,2,San Juan,32.17
2024,2,San Luis,181.61
2024,2,Santa Cruz,29.89
2024,2,Santa Fe,102.51
2024,2,Santiago Del Estero,48.95
2024,2,Tierra Del Fuego,22.09
2024,2,Tucumán,108.93
2024,1,Buenos Aires,159.13
2024,1,Capital Federal,229.94
2024,1,Catamarca,91.45
2024,1,Chaco,107.51
2024,1,Chubut,20.5
2024,1,Córdoba,114.89
2024,1,Corrientes,102.49
2024,1,Entre Ríos,101.36
2024,1,Formosa,83.8
2024,1,Jujuy,47.52
2024,1,La Pampa,26.55
2024,1,La Rioja,63.71
2024,1,Mendoza,51.85
2024,1,Misiones,94.98
2024,1,Neuquén,98.16
2024,1,Río Negro,75.0
2024,1,Salta,84.34
2024,1,San Juan,30.58
2024,1,San Luis,179.49
2024,1,Santa Cruz,31.6
2024,1,Santa Fe,100.2
2024,1,Santiago Del Estero,44.9
2024,1,Tierra Del Fuego,21.54
2024,1,Tucumán,103.36
2023,4,Buenos Aires,158.49
2023,4,Capital Federal,234.44
2023,4,Catamarca,89.4
2023,4,Chaco,107.14
2023,4,Chubut,20.29
2023,4,Córdoba,114.03
2023,4,Corrientes,100.9
2023,4,Entre Ríos,101.18
2023,4,Formosa,83.35
2023,4,Jujuy,46.2
2023,4,La Pampa,25.61
2023,4,La Rioja,64.18
2023,4,Mendoza,49.46
2023,4,Misiones,93.65
2023,4,Neuquén,99.63
2023,4,Río Negro,74.37
2023,4,Salta,83.04
2023,4,San Juan,24.78
2023,4,San Luis,174.59
2023,4,Santa Cruz,36.77
2023,4,Santa Fe,99.81
2023,4,Santiago Del Estero,44.22
2023,4,Tierra Del Fuego,17.92
2023,4,Tucumán,101.55
2023,3,Buenos Aires,146.84
2023,3,Capital Federal,218.13
2023,3,Catamarca,87.9
2023,3,Chaco,107.5
2023,3,Chubut,19.26
2023,3,Córdoba,111.5
2023,3,Corrientes,99.64
2023,3,Entre Ríos,96.26
2023,3,Formosa,80.29
2023,3,Jujuy,44.55
2023,3,La Pampa,24.21
2023,3,La Rioja,63.84
2023,3,Mendoza,46.96
2023,3,Misiones,91.49
2023,3,Neuquén,96.57
2023,3,Río Negro,70.93
2023,3,Salta,80.8
2023,3,San Juan,24.45
2023,3,San Luis,104.97
2023,3,Santa Cruz,15.67
2023,3,Santa Fe,97.39
2023,3,Santiago Del Estero,41.46
2023,3,Tierra Del Fuego,17.17
2023,3,Tucumán,98.85
2023,2,Buenos Aires,138.35
2023,2,Capital Federal,208.01
2023,2,Catamarca,86.13
2023,2,Chaco,105.45
2023,2,Chubut,18.58
2023,2,Córdoba,111.82
2023,2,Corrientes,97.21
2023,2,Entre Ríos,89.37
2023,2,Formosa,77.32
2023,2,Jujuy,43.56
2023,2,La Pampa,22.78
2023,2,La Rioja,63.55
2023,2,Mendoza,42.69
2023,2,Misiones,90.55
2023,2,Neuquén,93.97
2023,2,Río Negro,70.76
2023,2,Salta,79.1
2023,2,San Juan,20.39
2023,2,San Luis,103.84
2023,2,Santa Cruz,15.48
2023,2,Santa Fe,94.87
2023,2,Santiago Del Estero,37.62
2023,2,Tierra Del Fuego,16.92
2023,2,Tucumán,96.69
2023,1,Buenos Aires,116.18
2023,1,Capital Federal,188.65
2023,1,Catamarca,87.41
2023,1,Chaco,104.33
2023,1,Chubut,18.36
2023,1,Córdoba,109.57
2023,1,Corrientes,94.8
2023,1,Entre Ríos,86.71
2023,1,Formosa,73.96
2023,1,Jujuy,42.75
2023,1,La Pampa,20.09
2023,1,La Rioja,63.13
2023,1,Mendoza,41.45
2023,1,Misiones,89.81
2023,1,Neuquén,93.42
2023,1,Río Negro,74.4
2023,1,Salta,76.85
2023,1,San Juan,18.7
2023,1,San Luis,55.85
2023,1,Santa Cruz,14.98
2023,1,Santa Fe,92.22
2023,1,Santiago Del Estero,36.27
2023,1,Tierra Del Fuego,14.58
2023,1,Tucumán,95.79
2022,4,Buenos Aires,111.0
2022,4,Capital Federal,182.86
2022,4,Catamarca,83.33
2022,4,Chaco,104.02
2022,4,Chubut,15.92
2022,4,Córdoba,108.77
2022,4,Corrientes,94.72
2022,4,Entre Ríos,87.47
2022,4,Formosa,72.03
2022,4,Jujuy,39.32
2022,4,La Pampa,19.1
2022,4,La Rioja,61.0
2022,4,Mendoza,38.76
2022,4,Misiones,91.24
2022,4,Neuquén,95.37
2022,4,Río Negro,75.31
2022,4,Salta,75.93
2022,4,San Juan,16.39
2022,4,San Luis,30.67
2022,4,Santa Cruz,14.33
2022,4,Santa Fe,90.3
2022,4,Santiago Del Estero,34.4
2022,4,Tierra Del Fuego,13.48
2022,4,Tucumán,88.33
2022,3,Buenos Aires,70.19
2022,3,Capital Federal,101.05
2022,3,Catamarca,60.99
2022,3,Chaco,53.21
2022,3,Chubut,15.57
2022,3,Córdoba,56.32
2022,3,Corrientes,45.07
2022,3,Entre Ríos,42.49
2022,3,Formosa,30.35
2022,3,Jujuy,32.43
2022,3,La Pampa,18.1
2022,3,La Rioja,44.3
2022,3,Mendoza,34.16
2022,3,Misiones,49.3
2022,3,Neuquén,47.81
2022,3,Río Negro,34.13
2022,3,Salta,41.33
2022,3,San Juan,15.84
2022,3,San Luis,19.33
2022,3,Santa Cruz,12.6
2022,3,Santa Fe,45.15
2022,3,Santiago Del Estero,17.69
2022,3,Tierra Del Fuego,11.01
2022,3,Tucumán,53.36
2022,2,Buenos Aires,65.5
2022,2,Capital Federal,93.97
2022,2,Catamarca,56.56
2022,2,Chaco,50.61
2022,2,Chubut,14.91
2022,2,Córdoba,53.51
2022,2,Corrientes,43.31
2022,2,Entre Ríos,40.03
2022,2,Formosa,28.47
2022,2,Jujuy,29.39
2022,2,La Pampa,16.07
2022,2,La Rioja,43.28
2022,2,Mendoza,29.72
2022,2,Misiones,46.23
2022,2,Neuquén,46.53
2022,2,Río Negro,33.26
2022,2,Salta,38.77
2022,2,San Juan,14.44
2022,2,San Luis,19.32
2022,2,Santa Cruz,11.81
2022,2,Santa Fe,42.01
2022,2,Santiago Del Estero,16.34
2022,2,Tierra Del Fuego,10.97
2022,2,Tucumán,50.09
2022,1,Buenos Aires,62.51
2022,1,Capital Federal,88.22
2022,1,Catamarca,51.22
2022,1,Chaco,45.84
2022,1,Chubut,13.4
2022,1,Córdoba,49.89
2022,1,Corrientes,38.11
2022,1,Entre Ríos,35.59
2022,1,Formosa,30.28
2022,1,Jujuy,27.69
2022,1,La Pampa,14.84
2022,1,La Rioja,41.37
2022,1,Mendoza,26.2
2022,1,Misiones,41.87
2022,1,Neuquén,43.05
2022,1,Río Negro,31.09
2022,1,Salta,36.71
2022,1,San Juan,11.99
2022,1,San Luis,20.95
2022,1,Santa Cruz,10.89
2022,1,Santa Fe,38.89
2022,1,Santiago Del Estero,14.5
2022,1,Tierra Del Fuego,10.73
2022,1,Tucumán,47.24
2021,4,Buenos Aires,60.2091238315554
2021,4,Capital Federal,82.9499549654225
2021,4,Catamarca,46.3800577589391
2021,4,Chaco,42.3426375146886
2021,4,Chubut,9.08266063855547
2021,4,Córdoba,46.3609074579921
2021,4,Corrientes,35.772659194287
2021,4,Entre Ríos,33.3171258416746
2021,4,Formosa,28.7576489476942
2021,4,Jujuy,27.1443430384171
2021,4,La Pampa,13.8538828428544
2021,4,La Rioja,39.69594513668
2021,4,Mendoza,22.2315834010052
2021,4,Misiones,38.9033492509076
2021,4,Neuquén,40.0925301111676
2021,4,Río Negro,27.2031704548921
2021,4,Salta,33.9406397449852
2021,4,San Juan,11.0527493081578
2021,4,San Luis,20.9097244480146
2021,4,Santa Cruz,8.99065098447755
2021,4,Santa Fe,36.0240238372751
2021,4,Santiago Del Estero,13.8408868495151
2021,4,Tierra Del Fuego,10.6967049440505
2021,4,Tucumán,45.1481224333995
2021,3,Buenos Aires,56.2575509246959
2021,3,Capital Federal,77.7120710690731
2021,3,Catamarca,43.4333359976317
2021,3,Chaco,39.1131358092076
2021,3,Chubut,8.1768603631366
2021,3,Córdoba,41.927787245662
2021,3,Corrientes,32.1689008278583
2021,3,Entre Ríos,29.6012318794928
2021,3,Formosa,26.6894267849467
2021,3,Jujuy,25.9807025202975
2021,3,La Pampa,12.9916150724036
2021,3,La Rioja,38.8679518544504
2021,3,Mendoza,13.3651561731845
2021,3,Misiones,30.878718314265
2021,3,Neuquén,38.3422231542874
2021,3,Río Negro,25.4000651971487
2021,3,Salta,31.2096818570388
2021,3,San Juan,7.04130082039497
2021,3,San Luis,21.6987070711638
2021,3,Santa Cruz,7.69232694181298
2021,3,Santa Fe,33.1322962473813
2021,3,Santiago Del Estero,13.3527235335196
2021,3,Tierra Del Fuego,9.52
2021,3,Tucumán,42.1011853057148
2021,2,Buenos Aires,52.7554293700371
2021,2,Capital Federal,72.7467500323148
2021,2,Catamarca,42.1850637677911
2021,2,Chaco,37.3969095962221
2021,2,Chubut,7.67690621713348
2021,2,Córdoba,39.5901164899479
2021,2,Corrientes,30.3680548020057
2021,2,Entre Ríos,27.6189730620356
2021,2,Formosa,23.9663045280676
2021,2,Jujuy,25.8124778568622
2021,2,La Pampa,12.2792237380482
2021,2,La Rioja,38.5348943830077
2021,2,Mendoza,13.465987205003
2021,2,Misiones,28.6822217353969
2021,2,Neuquén,36.1097214584669
2021,2,Río Negro,23.7484466814427
2021,2,Salta,29.2393542207424
2021,2,San Juan,6.99316260162602
2021,2,San Luis,21.6618899896392
2021,2,Santa Cruz,7.6296670052024
2021,2,Santa Fe,30.7018831645519
2021,2,Santiago Del Estero,12.7187978386833
2021,2,Tierra Del Fuego,8.59192142648348
2021,2,Tucumán,40.3099203285136
2021,1,Buenos Aires,50.7856560850651
2021,1,Capital Federal,68.290268867969
2021,1,Catamarca,39.9665262396528
2021,1,Chaco,33.6262012999863
2021,1,Chubut,7.5315274091442
2021,1,Córdoba,36.1687993284376
2021,1,Corrientes,25.9851713597201
2021,1,Entre Ríos,23.8713343731836
2021,1,Formosa,20.9803275069752
2021,1,Jujuy,26.777362312404
2021,1,La Pampa,10.7285119295318
2021,1,La Rioja,12.6975547321819
2021,1,Mendoza,12.5993612452542
2021,1,Misiones,25.0768261260814
2021,1,Neuquén,34.2385026475364
2021,1,Río Negro,21.923906760831
2021,1,Salta,27.3188406940498
2021,1,San Juan,6.91008999538207
2021,1,San Luis,21.5943798047108
2021,1,Santa Cruz,7.50153184753176
2021,1,Santa Fe,28.1306300731529
2021,1,Santiago Del Estero,11.5841745164981
2021,1,Tierra Del Fuego,8.7347523962779
2021,1,Tucumán,37.9796195819083
2020,4,Buenos Aires,50.0083808396358
2020,4,Capital Federal,67.3251367687937
2020,4,Catamarca,37.6500877273544
2020,4,Chaco,32.452046764181
2020,4,Chubut,7.38308762641474
2020,4,Córdoba,35.1206012418839
2020,4,Corrientes,25.4467008966306
2020,4,Entre Ríos,24.0532782530605
2020,4,Formosa,19.6983490087788
2020,4,Jujuy,25.2063932841615
2020,4,La Pampa,9.87560517086093
2020,4,La Rioja,12.5346559805983
2020,4,Mendoza,11.0931713194572
2020,4,Misiones,24.9566177796804
2020,4,Neuquén,33.9078648667739
2020,4,Río Negro,21.63671918985
2020,4,Salta,25.3224396507447
2020,4,San Juan,6.41286739795318
2020,4,San Luis,21.2529540821891
2020,4,Santa Cruz,7.49210862811905
2020,4,Santa Fe,27.2943524462156
2020,4,Santiago Del Estero,11.280765527512
2020,4,Tierra Del Fuego,8.48680694933787
2020,4,Tucumán,36.442246829153
2020,3,Buenos Aires,48.3766239081151
2020,3,Capital Federal,63.8085202560717
2020,3,Catamarca,36.5404366073298
2020,3,Chaco,30.8027269485642
2020,3,Chubut,7.40207444184479
2020,3,Córdoba,33.5111949741979
2020,3,Corrientes,23.851523971243
2020,3,Entre Ríos,22.4325986462062
2020,3,Formosa,18.2828320694304
2020,3,Jujuy,21.91041968687
2020,3,La Pampa,10.6976309054021
2020,3,La Rioja,12.1947037670582
2020,3,Mendoza,10.1874910345956
2020,3,Misiones,24.1417618725215
2020,3,Neuquén,31.4609040270338
2020,3,Río Negro,21.0777787032588
2020,3,Salta,25.2611559240277
2020,3,San Juan,6.02786479358268
2020,3,San Luis,20.8499281337887
2020,3,Santa Cruz,6.64936371202663
2020,3,Santa Fe,25.6909413412681
2020,3,Santiago Del Estero,10.8790172706597
2020,3,Tierra Del Fuego,8.50667605547561
2020,3,Tucumán,34.8358016986155
2020,2,Buenos Aires,45.6619736321228
2020,2,Capital Federal,60.4844973584038
2020,2,Catamarca,34.9259564285714
2020,2,Chaco,27.9522846743643
2020,2,Chubut,7.60548798455908
2020,2,Córdoba,30.9875776371395
2020,2,Corrientes,22.1503060625758
2020,2,Entre Ríos,20.4486211784426
2020,2,Formosa,16.8702589931144
2020,2,Jujuy,15.8640136318626
2020,2,La Pampa,8.0288622555984
2020,2,La Rioja,11.6691109619773
2020,2,Mendoza,9.27456273209416
2020,2,Misiones,22.5601226175832
2020,2,Neuquén,29.1001476238785
2020,2,Río Negro,19.6795960472832
2020,2,Salta,22.5585361879566
2020,2,San Juan,6.30861496319647
2020,2,San Luis,21.0206269368907
2020,2,Santa Cruz,6.59320241817803
2020,2,Santa Fe,23.9257916089841
2020,2,Santiago Del Estero,10.411619106122
2020,2,Tierra Del Fuego,8.12832939545727
2020,2,Tucumán,32.704534437188
2020,1,Buenos Aires,45.1812880737555
2020,1,Capital Federal,58.7056829624225
2020,1,Catamarca,29.1322250129396
2020,1,Chaco,25.942049334121698
2020,1,Chubut,7.1170477818654
2020,1,Córdoba,29.3947878350613
2020,1,Corrientes,20.5389992749433
2020,1,Entre Ríos,19.0297653350575
2020,1,Formosa,15.6973526074151
2020,1,Jujuy,14.1449220571547
2020,1,La Pampa,7.29175772047483
2020,1,La Rioja,7.96241894715069
2020,1,Mendoza,8.440867710217
2020,1,Misiones,22.1482130684363
2020,1,Neuquén,27.7682820789762
2020,1,Río Negro,19.0603005640612
2020,1,Salta,21.4250472439027
2020,1,San Juan,6.0369845914841
2020,1,San Luis,20.9893797442827
2020,1,Santa Cruz,6.41717062736403
2020,1,Santa Fe,22.4240567700362
2020,1,Santiago Del Estero,10.0005390804948
2020,1,Tierra Del Fuego,7.41086583769633
2020,1,Tucumán,32.2455309430329
2019,4,Buenos Aires,30.7696941410059
2019,4,Capital Federal,44.2031786700859
2019,4,Catamarca,24.8783076704626
2019,4,Chaco,23.3749508001623
2019,4,Chubut,6.99411352344506
2019,4,Córdoba,26.1622806145129
2019,4,Corrientes,19.2554116079714
2019,4,Entre Ríos,17.0075808976571
2019,4,Formosa,14.5256295515193
2019,4,Jujuy,12.9592000428042
2019,4,La Pampa,6.52615219569304
2019,4,La Rioja,8.00088036402963
2019,4,Mendoza,7.78520088998709
2019,4,Misiones,20.3203474357427
2019,4,Neuquén,26.0198843147829
2019,4,Río Negro,17.176998973856
2019,4,Salta,19.0835730228338
2019,4,San Juan,6.04017169846849
2019,4,San Luis,20.6903534221431
2019,4,Santa Cruz,5.20792506406971
2019,4,Santa Fe,20.5471970198073
2019,4,Santiago Del Estero,9.79220184435585
2019,4,Tierra Del Fuego,7.27
2019,4,Tucumán,29.8703893243128
2019,3,Buenos Aires,25.6793801438341
2019,3,Capital Federal,38.7141005607114
2019,3,Catamarca,9.29340742945983
2019,3,Chaco,19.9946681226854
2019,3,Chubut,6.96632358847429
2019,3,Córdoba,23.1934023649398
2019,3,Corrientes,16.6999225509086
2019,3,Entre Ríos,14.6951328665006
2019,3,Formosa,13.223537484062
2019,3,Jujuy,11.9682409299243
2019,3,La Pampa,5.71966646489104
2019,3,La Rioja,8.00237529691211
2019,3,Mendoza,6.10822854552147
2019,3,Misiones,17.9315224613728
2019,3,Neuquén,23.7484151599667
2019,3,Río Negro,15.9837185039992
2019,3,Salta,14.7464652444555
2019,3,San Juan,6.0382295086509
2019,3,San Luis,19.7438269823496
2019,3,Santa Cruz,5.01774694095645
2019,3,Santa Fe,18.1655296866879
2019,3,Santiago Del Estero,9.38941313142636
2019,3,Tierra Del Fuego,6.69070138014341
2019,3,Tucumán,19.3239947945805
2019,2,Buenos Aires,22.4800460185574
2019,2,Capital Federal,30.346259857092
2019,2,Catamarca,8.81
2019,2,Chaco,16.0102433309966
2019,2,Chubut,6.05440689354379
2019,2,Córdoba,18.4315178319128
2019,2,Corrientes,13.8330350838162
2019,2,Entre Ríos,12.1933578179506
2019,2,Formosa,10.8366112194808
2019,2,Jujuy,12.0733822805073
2019,2,La Pampa,5.49228832141797
2019,2,La Rioja,7.89416348600509
2019,2,Mendoza,6.02629690452623
2019,2,Misiones,14.5013025473924
2019,2,Neuquén,17.242865250196
2019,2,Río Negro,11.6280502043199
2019,2,Salta,12.5487487506016
2019,2,San Juan,6.11852201306904
2019,2,San Luis,19.8759728483994
2019,2,Santa Cruz,6.00804731756081
2019,2,Santa Fe,15.0745490588903
2019,2,Santiago Del Estero,7.10311288296652
2019,2,Tierra Del Fuego,6.34
2019,2,Tucumán,18.5293178859203
2019,1,Buenos Aires,19.6439582242305
2019,1,Capital Federal,24.7150632938498
2019,1,Catamarca,7.96400515527188
2019,1,Chaco,13.4442362690779
2019,1,Chubut,5.89173056919616
2019,1,Córdoba,15.7348642286459
2019,1,Corrientes,12.049695550812
2019,1,Entre Ríos,10.659197328954
2019,1,Formosa,9.82508995783571
2019,1,Jujuy,8.56046421746506
2019,1,La Pampa,5.0578618428674
2019,1,La Rioja,7.09279228699204
2019,1,Mendoza,5.7427641753174
2019,1,Misiones,12.5127734596835
2019,1,Neuquén,15.8846532639152
2019,1,Río Negro,10.4884206481363
2019,1,Salta,10.3771000139695
2019,1,San Juan,5.83926318942954
2019,1,San Luis,8.70855518875459
2019,1,Santa Cruz,5.77999297039756
2019,1,Santa Fe,12.986963477266
2019,1,Santiago Del Estero,6.41507073796908
2019,1,Tierra Del Fuego,6.3411014506123
2019,1,Tucumán,16.5732999645796
2018,4,Buenos Aires,16.9343630101501
2018,4,Capital Federal,22.9353019922347
2018,4,Catamarca,8.04392020265991
2018,4,Chaco,13.4920835702103
2018,4,Chubut,6.08522390368403
2018,4,Córdoba,15.8136674336298
2018,4,Corrientes,12.1389233933877
2018,4,Entre Ríos,11.023282490377
2018,4,Formosa,9.8168937119138
2018,4,Jujuy,8.56273760175261
2018,4,La Pampa,4.31909495794348
2018,4,La Rioja,7.09338212515489
2018,4,Mendoza,5.74667510243432
2018,4,Misiones,12.4951126741558
2018,4,Neuquén,15.8912336460704
2018,4,Río Negro,10.4870055652755
2018,4,Salta,10.4572840891359
2018,4,San Juan,5.71526653935785
2018,4,San Luis,8.81899279190052
2018,4,Santa Cruz,5.11950736477287
2018,4,Santa Fe,13.1792348999695
2018,4,Santiago Del Estero,6.30925524385175
2018,4,Tierra Del Fuego,7.43656200821403
2018,4,Tucumán,16.5832344455303
2018,3,Buenos Aires,16.7797351323622
2018,3,Capital Federal,21.6433683640614
2018,3,Catamarca,7.80652194153063
2018,3,Chaco,12.8949618906093
2018,3,Chubut,6.07672232294286
2018,3,Córdoba,14.8182495375679
2018,3,Corrientes,11.4932283654571
2018,3,Entre Ríos,10.5247535062873
2018,3,Formosa,9.31849544106828
2018,3,Jujuy,7.66987215181415
2018,3,La Pampa,4.28304837616766
2018,3,La Rioja,6.1560132256261
2018,3,Mendoza,5.78601567715813
2018,3,Misiones,12.4874857587211
2018,3,Neuquén,14.6742442866248
2018,3,Río Negro,10.0644600810675
2018,3,Salta,9.26584817756241
2018,3,San Juan,5.73820472587736
2018,3,San Luis,8.81498757935413
2018,3,Santa Cruz,5.36971571660038
2018,3,Santa Fe,12.3573260434886
2018,3,Santiago Del Estero,5.77984251236905
2018,3,Tierra Del Fuego,5.98788374717833
2018,3,Tucumán,15.2559503624883
2018,2,Buenos Aires,14.6793755121758
2018,2,Capital Federal,18.9381345892782
2018,2,Catamarca,7.69309650745294
2018,2,Chaco,12.4994601819958
2018,2,Chubut,5.32985773059891
2018,2,Córdoba,13.8768094063495
2018,2,Corrientes,10.8776528955992
2018,2,Entre Ríos,10.18670275176
2018,2,Formosa,8.97498653077717
2018,2,Jujuy,6.28934558921364
2018,2,La Pampa,4.09836417105747
2018,2,La Rioja,5.59186158436808
2018,2,Mendoza,5.88052966304504
2018,2,Misiones,11.759657402552
2018,2,Neuquén,13.365011560108
2018,2,Río Negro,9.50959511437395
2018,2,Salta,8.92827170644268
2018,2,San Juan,5.84559783069231
2018,2,San Luis,5.90057518488085
2018,2,Santa Cruz,5.18928995085579
2018,2,Santa Fe,11.7488846228176
2018,2,Santiago Del Estero,5.91100164699838
2018,2,Tierra Del Fuego,5.94274505737592
2018,2,Tucumán,13.5065457296271
2018,1,Buenos Aires,14.1988896446809
2018,1,Capital Federal,17.7455773041801
2018,1,Catamarca,8.19886052871468
2018,1,Chaco,12.444064678645
2018,1,Chubut,5.41863793882778
2018,1,Córdoba,12.7905712174005
2018,1,Corrientes,11.1185028652536
2018,1,Entre Ríos,9.87523936699876
2018,1,Formosa,11.0568153674695
2018,1,Jujuy,6.74118587938453
2018,1,La Pampa,3.9951313520641
2018,1,La Rioja,5.89082060411163
2018,1,Mendoza,5.88162696916937
2018,1,Misiones,12.082189465143
2018,1,Neuquén,11.9604599560741
2018,1,Río Negro,8.97624319436158
2018,1,Salta,9.1894409821995
2018,1,San Juan,5.85058103554975
2018,1,San Luis,5.89436270457927
2018,1,Santa Cruz,5.18928995085579
2018,1,Santa Fe,11.173305005746
2018,1,Santiago Del Estero,6.24821072216304
2018,1,Tierra Del Fuego,5.76808203603288
2018,1,Tucumán,9.35563168480611
2017,4,Buenos Aires,12.9720825438982
2017,4,Capital Federal,15.2022188691604
2017,4,Catamarca,7.78415435139573
2017,4,Chaco,11.7028681219594
2017,4,Chubut,5.40823807689014
2017,4,Córdoba,11.6365847011566
2017,4,Corrientes,10.384400430892
2017,4,Entre Ríos,9.29596061999907
2017,4,Formosa,10.1141704637663
2017,4,Jujuy,6.63882127356649
2017,4,La Pampa,3.9758194449815
2017,4,La Rioja,5.87758884950666
2017,4,Mendoza,5.71002586675844
2017,4,Misiones,11.3241237232496
2017,4,Neuquén,10.7191515245403
2017,4,Río Negro,8.04552232467275
2017,4,Salta,8.45174276777563
2017,4,San Juan,5.83226007301013
2017,4,San Luis,5.73220880135405
2017,4,Santa Cruz,5.20658482887451
2017,4,Santa Fe,10.2974946018472
2017,4,Santiago Del Estero,6.16560021498504
2017,4,Tierra Del Fuego,5.20322570453684
2017,4,Tucumán,9.10602130718706
2017,3,Buenos Aires,8.42570621185365
2017,3,Capital Federal,10.6357202740733
2017,3,Catamarca,5.26001806671356
2017,3,Chaco,8.4848712875555
2017,3,Chubut,3.47834691566909
2017,3,Córdoba,9.11557287304998
2017,3,Corrientes,7.44741642808526
2017,3,Entre Ríos,6.99340063934965
2017,3,Formosa,7.06882153411281
2017,3,Jujuy,4.6890067253692
2017,3,La Pampa,3.43810111433207
2017,3,La Rioja,5.01009020876666
2017,3,Mendoza,3.51296266166304
2017,3,Misiones,8.43038302528699
2017,3,Neuquén,8.16517738570226
2017,3,Río Negro,5.48727880467388
2017,3,Salta,6.13314620689655
2017,3,San Juan,3.44978420649118
2017,3,San Luis,3.50338739319684
2017,3,Santa Cruz,3.61047050575864
2017,3,Santa Fe,7.79221514839974
2017,3,Santiago Del Estero,5.17855807833537
2017,3,Tierra Del Fuego,3.47535827186512
2017,3,Tucumán,6.3851768015554
2017,2,Buenos Aires,7.19874775188798
2017,2,Capital Federal,8.84321983078825
2017,2,Catamarca,5.10218282589971
2017,2,Chaco,7.68921343354413
2017,2,Chubut,3.44726909222351
2017,2,Córdoba,7.42132179907677
2017,2,Corrientes,6.79158048260705
2017,2,Entre Ríos,6.28781010629277
2017,2,Formosa,6.1786533146405
2017,2,Jujuy,4.54186187819401
2017,2,La Pampa,3.31825936149611
2017,2,La Rioja,5.53385510805501
2017,2,Mendoza,3.50725586321512
2017,2,Misiones,7.60433849052066
2017,2,Neuquén,6.70061069844688
2017,2,Río Negro,4.74135085738145
2017,2,Salta,5.75621313483984
2017,2,San Juan,3.49203380952381
2017,2,San Luis,3.50282414997505
2017,2,Santa Cruz,3.60311348968991
2017,2,Santa Fe,6.8387492504462
2017,2,Santiago Del Estero,5.05794740805446
2017,2,Tierra Del Fuego,3.47676146737609
2017,2,Tucumán,6.09328044562472
2017,1,Buenos Aires,6.67848257709171
2017,1,Capital Federal,8.34814731669542
2017,1,Catamarca,4.97378483754513
2017,1,Chaco,7.30790539827282
2017,1,Chubut,3.44338620087336
2017,1,Córdoba,6.79947763737
2017,1,Corrientes,6.43297127701597
2017,1,Entre Ríos,5.95147457570752
2017,1,Formosa,5.74238893190157
2017,1,Jujuy,4.39386125963475
2017,1,La Pampa,3.22081358421833
2017,1,La Rioja,5.42718047337278
2017,1,Mendoza,3.5072942051441
2017,1,Misiones,7.34104198891632
2017,1,Neuquén,6.03483614442139
2017,1,Río Negro,4.44944887797169
2017,1,Salta,5.33537121782187
2017,1,San Juan,3.49243516124643
2017,1,San Luis,3.50282414997505
2017,1,Santa Cruz,3.59193007563632
2017,1,Santa Fe,6.28403648689241
2017,1,Santiago Del Estero,4.94896583328499
2017,1,Tierra Del Fuego,3.47676146737609
2017,1,Tucumán,5.87550732569558
2016,4,Buenos Aires,6.35154645026031
2016,4,Capital Federal,7.95759624275289
2016,4,Catamarca,4.88571130511986
2016,4,Chaco,7.07753100591982
2016,4,Chubut,3.40719129144482
2016,4,Córdoba,6.46674036390561
2016,4,Corrientes,6.23624560407751
2016,4,Entre Ríos,5.80735082912761
2016,4,Formosa,5.63067416491632
2016,4,Jujuy,4.32396274574204
2016,4,La Pampa,3.1895597297498
2016,4,La Rioja,5.34376242721422
2016,4,Mendoza,3.50660346974538
2016,4,Misiones,7.10947580910136
2016,4,Neuquén,5.67844630654237
2016,4,Río Negro,4.36993046316533
2016,4,Salta,5.22088357784697
2016,4,San Juan,3.49113555404487
2016,4,San Luis,3.50282414997505
2016,4,Santa Cruz,3.56391640895886
2016,4,Santa Fe,6.04023332894067
2016,4,Santiago Del Estero,4.86679443144862
2016,4,Tierra Del Fuego,3.47676146737609
2016,4,Tucumán,5.72776693420211
2016,3,Buenos Aires,5.91491800816368
2016,3,Capital Federal,7.38017269920781
2016,3,Catamarca,4.72524117995849
2016,3,Chaco,6.71822036324595
2016,3,Chubut,3.34386632798464
2016,3,Córdoba,6.06852692351841
2016,3,Corrientes,5.95819256106671
2016,3,Entre Ríos,5.58642748832949
2016,3,Formosa,5.4161310069991
2016,3,Jujuy,4.21529113090901
2016,3,La Pampa,3.14499842618823
2016,3,La Rioja,5.07673173900207
2016,3,Mendoza,3.50729080145311
2016,3,Misiones,6.74122226984224
2016,3,Neuquén,5.29216686473129
2016,3,Río Negro,4.16292428248275
2016,3,Salta,5.05287443655048
2016,3,San Juan,3.48906744628773
2016,3,San Luis,3.50302377404017
2016,3,Santa Cruz,3.53583356483625
2016,3,Santa Fe,5.67726376156478
2016,3,Santiago Del Estero,4.67012308701355
2016,3,Tierra Del Fuego,3.47654537746248
2016,3,Tucumán,5.5446832601914
2016,2,Buenos Aires,5.41514436700482
2016,2,Capital Federal,6.57621893245929
2016,2,Catamarca,4.36483596451661
2016,2,Chaco,6.29735751095808
2016,2,Chubut,3.33597349898555
2016,2,Córdoba,5.51691282300281
2016,2,Corrientes,5.60182256952425
2016,2,Entre Ríos,5.13114278330125
2016,2,Formosa,5.10413219586628
2016,2,Jujuy,3.84335304395807
2016,2,La Pampa,3.14606780652538
2016,2,La Rioja,4.77384306700108
2016,2,Mendoza,3.50016856787161
2016,2,Misiones,6.23366056675479
2016,2,Neuquén,4.86640695565863
2016,2,Río Negro,3.97661641190515
2016,2,Salta,4.74937893532293
2016,2,San Juan,3.48837182942843
2016,2,San Luis,3.50198336917563
2016,2,Santa Cruz,3.50211502760046
2016,2,Santa Fe,5.13859853091851
2016,2,Santiago Del Estero,4.30981517959065
2016,2,Tierra Del Fuego,3.47869246321177
2016,2,Tucumán,5.20097976176087
2016,1,Buenos Aires,4.99216843748391
2016,1,Capital Federal,6.0474037028117
2016,1,Catamarca,4.20358844929513
2016,1,Chaco,5.99147268320831
2016,1,Chubut,3.37966393307142
2016,1,Córdoba,5.15680161704967
2016,1,Corrientes,5.37127911707625
2016,1,Entre Ríos,5.08457490560524
2016,1,Formosa,4.87233338042096
2016,1,Jujuy,3.77122134259834
2016,1,La Pampa,3.04764203627926
2016,1,La Rioja,4.61697393805045
2016,1,Mendoza,3.50286892297888
2016,1,Misiones,6.00096871738031
2016,1,Neuquén,4.42049314901527
2016,1,Río Negro,3.82665919682892
2016,1,Salta,4.74185878457152
2016,1,San Juan,3.48552349076048
2016,1,San Luis,3.50290043923865
2016,1,Santa Cruz,3.48315808971074
2016,1,Santa Fe,4.89813602895205
2016,1,Santiago Del Estero,4.17401156430692
2016,1,Tierra Del Fuego,3.47508263271679
2016,1,Tucumán,5.00403664067989
2015,4,Buenos Aires,4.88414890585654
2015,4,Capital Federal,5.92780352297904
2015,4,Catamarca,4.1242683691587
2015,4,Chaco,5.82838418079096
2015,4,Chubut,3.2838650316133
2015,4,Córdoba,5.06708149326841
2015,4,Corrientes,5.25948212049208
2015,4,Entre Ríos,5.00785590529936
2015,4,Formosa,4.66030856858068
2015,4,Jujuy,3.7246804758923
2015,4,La Pampa,2.93674770722963
2015,4,La Rioja,4.52167186392629
2015,4,Mendoza,3.5017779300891
2015,4,Misiones,5.9022914436487
2015,4,Neuquén,4.35559286155294
2015,4,Río Negro,3.76893229959851
2015,4,Salta,4.67346703814158
2015,4,San Juan,3.48160411695573
2015,4,San Luis,3.50293742586002
2015,4,Santa Cruz,3.48096796191061
2015,4,Santa Fe,4.80987377455356
2015,4,Santiago Del Estero,4.09410169145076
2015,4,Tierra Del Fuego,3.47482486424173
2015,4,Tucumán,4.88229794633078
2015,3,Buenos Aires,4.70059791427046
2015,3,Capital Federal,5.66468043459464
2015,3,Catamarca,3.88456387259975
2015,3,Chaco,5.46643296553986
2015,3,Chubut,3.27903841147495
2015,3,Córdoba,4.86784900122509
2015,3,Corrientes,5.06347381678221
2015,3,Entre Ríos,4.76671236672909
2015,3,Formosa,4.16616410219452
2015,3,Jujuy,3.53272455120101
2015,3,La Pampa,2.91493221414279
2015,3,La Rioja,4.24585057539801
2015,3,Mendoza,3.50016095102191
2015,3,Misiones,5.63428905090369
2015,3,Neuquén,4.22994398489574
2015,3,Río Negro,3.73683145620249
2015,3,Salta,4.42183141297756
2015,3,San Juan,3.48109282037388
2015,3,San Luis,3.50275387159826
2015,3,Santa Cruz,3.48068774435859
2015,3,Santa Fe,4.55989545240263
2015,3,Santiago Del Estero,3.91123732169146
2015,3,Tierra Del Fuego,3.47772105693272
2015,3,Tucumán,4.5723186672303
2015,2,Buenos Aires,4.46349566354801
2015,2,Capital Federal,5.31214873823781
2015,2,Catamarca,3.68250829503855
2015,2,Chaco,5.19477141425948
2015,2,Chubut,3.21657164748512
2015,2,Córdoba,4.55793766620085
2015,2,Corrientes,4.84719763799374
2015,2,Entre Ríos,4.55056996750087
2015,2,Formosa,3.76491568402765
2015,2,Jujuy,3.40867884314609
2015,2,La Pampa,2.86265664010624
2015,2,La Rioja,4.00155139620813
2015,2,Mendoza,3.49972410886249
2015,2,Misiones,5.32756264967692
2015,2,Neuquén,4.05961773753304
2015,2,Río Negro,3.66673444862143
2015,2,Salta,4.21812164568684
2015,2,San Juan,3.47891928906671
2015,2,San Luis,3.50277095310136
2015,2,Santa Cruz,3.47332349743749
2015,2,Santa Fe,4.30319618165638
2015,2,Santiago Del Estero,3.72881129536047
2015,2,Tierra Del Fuego,3.47751587628866
2015,2,Tucumán,4.30681276746996
2015,1,Buenos Aires,4.32380370934677
2015,1,Capital Federal,4.99971168387637
2015,1,Catamarca,3.48360366096299
2015,1,Chaco,4.89990879703037
2015,1,Chubut,3.2131565777598
2015,1,Córdoba,4.30427928200685
2015,1,Corrientes,4.62819022139316
2015,1,Entre Ríos,4.34674650578663
2015,1,Formosa,3.38115011235955
2015,1,Jujuy,3.24190210859827
2015,1,La Pampa,2.83409951021787
2015,1,La Rioja,3.78040210603649
2015,1,Mendoza,3.49913067089835
2015,1,Misiones,4.9730042513212
2015,1,Neuquén,3.91149163819858
2015,1,Río Negro,3.58529708825738
2015,1,Salta,4.02277793616362
2015,1,San Juan,3.47698917009324
2015,1,San Luis,3.50099427046543
2015,1,Santa Cruz,3.47421703066738
2015,1,Santa Fe,4.06328306840814
2015,1,Santiago Del Estero,3.57110412512624
2015,1,Tierra Del Fuego,3.45387808575141
2015,1,Tucumán,4.07107804024244
2014,4,Buenos Aires,4.19894350823666
2014,4,Capital Federal,4.78178771127556
2014,4,Catamarca,3.33600533479779
2014,4,Chaco,3.97740036330609
2014,4,Chubut,3.17464915813126
2014,4,Córdoba,4.09290306218457
2014,4,Corrientes,3.8061123116725
2014,4,Entre Ríos,3.80005178711007
2014,4,Formosa,3.02332661782662
2014,4,Jujuy,3.12764210819079
2014,4,La Pampa,2.7542087306377
2014,4,La Rioja,3.58202389952445
2014,4,Mendoza,3.49876776859991
2014,4,Misiones,4.02561996141346
2014,4,Neuquén,3.85077258259739
2014,4,Río Negro,3.54312925425425
2014,4,Salta,3.86225943150255
2014,4,San Juan,3.47522016922811
2014,4,San Luis,3.50362120635887
2014,4,Santa Cruz,3.33302618371396
2014,4,Santa Fe,3.78070786071651
2014,4,Santiago Del Estero,3.45822447265973
2014,4,Tierra Del Fuego,3.47472446989241
2014,4,Tucumán,3.86061231024495
2014,3,Buenos Aires,3.96904699117324
2014,3,Capital Federal,4.43738094339007
2014,3,Catamarca,2.91517617504052
2014,3,Chaco,3.461947812451
2014,3,Chubut,3.16574179076398
2014,3,Córdoba,3.66006224955991
2014,3,Corrientes,3.41092777664112
2014,3,Entre Ríos,3.39960794175268
2014,3,Formosa,2.65628301523038
2014,3,Jujuy,2.93070539025186
2014,3,La Pampa,2.81651954574832
2014,3,La Rioja,3.09517878464149
2014,3,Mendoza,3.50285317684907
2014,3,Misiones,3.57752385757149
2014,3,Neuquén,3.7429104879161
2014,3,Río Negro,3.47997917029004
2014,3,Salta,3.41091036248803
2014,3,San Juan,3.47372598559039
2014,3,San Luis,3.50311319018405
2014,3,Santa Cruz,3.30732226015574
2014,3,Santa Fe,3.37559291224911
2014,3,Santiago Del Estero,3.09954651038892
2014,3,Tierra Del Fuego,3.47098171141966
2014,3,Tucumán,3.34989752676935
2014,2,Buenos Aires,3.85186276004367
2014,2,Capital Federal,4.24999122363848
2014,2,Catamarca,2.9153584248268
2014,2,Chaco,3.4206301023632
2014,2,Chubut,3.15640525285759
2014,2,Córdoba,3.55678596068326
2014,2,Corrientes,3.36697059898026
2014,2,Entre Ríos,3.31240030997454
2014,2,Formosa,2.65235125
2014,2,Jujuy,2.76903167947822
2014,2,La Pampa,2.68457605542687
2014,2,La Rioja,3.09515334338864
2014,2,Mendoza,3.50303318206071
2014,2,Misiones,3.54002388571276
2014,2,Neuquén,3.66470433804515
2014,2,Río Negro,3.42862575044451
2014,2,Salta,3.39113775110879
2014,2,San Juan,3.47248406459358
2014,2,San Luis,3.50410448104175
2014,2,Santa Cruz,3.31815166016344
2014,2,Santa Fe,3.31169104109792
2014,2,Santiago Del Estero,3.06975092114959
2014,2,Tierra Del Fuego,3.47009598681291
2014,2,Tucumán,3.34994476711167
2014,1,Buenos Aires,3.73313279998293
2014,1,Capital Federal,4.02408151087022
2014,1,Catamarca,2.80273440079234
2014,1,Chaco,3.25583730374444
2014,1,Chubut,3.17591667514646
2014,1,Córdoba,3.38740458152481
2014,1,Corrientes,3.21862508234916
2014,1,Entre Ríos,3.16729008998272
2014,1,Formosa,2.57372921091968
2014,1,Jujuy,2.69026334940686
2014,1,La Pampa,2.64721042446136
2014,1,La Rioja,2.96474037298708
2014,1,Mendoza,3.50268055655512
2014,1,Misiones,3.40312626767991
2014,1,Neuquén,3.54930165082541
2014,1,Río Negro,3.3537963181895
2014,1,Salta,3.30090197925452
2014,1,San Juan,3.46913845974917
2014,1,San Luis,3.50281532213108
2014,1,Santa Cruz,3.31599147982063
2014,1,Santa Fe,3.14740684527868
2014,1,Santiago Del Estero,2.94947172149921
2014,1,Tierra Del Fuego,3.44688793732356
2014,1,Tucumán,3.20834182355113
